id,candidatePrefecture,election,electiondistrict,teisu,name,kana,gender,age,newcomer,continuecount,touseki,license,kokujibi,tohyobi,tousen,twitter,candidatedistrictblock,localcandidate,birthday,portal,candidatedistrict,image,hp,url,instagram,facebook,almaMater,detail
53,都道府県,選挙名,選挙区名,定数,候補者名,フリガナ,性別,年齢,現元新,期数,党籍,"公認
推薦",告示日,投票日,当選,twitter,ブロック,地方選候補者,誕生日,ポータル,立候補自治体,画像,HP名称,HPURL,instagram,facebook,出身校,経歴
54,愛知県,田原市議会議員選挙,,18,中村　健太郎,ﾅｶﾑﾗ　ｹﾝﾀﾛｳ,男,29,新人,,有,公認,2023/1/22,2023/1/29,◎,nkm27,東海,FALSE,,〇,愛知県田原市,,,,,,,
55,愛知県,愛知県議会議員選挙,名古屋市千種区,2,黒田　太郎,ｸﾛﾀﾞ　ﾀﾛｳ,男,55,現職,2,有,公認,2023/3/31,2023/4/9,,kuroda__taro,東海,TRUE,,〇,愛知県名古屋市千種区,,,,,,,
56,愛知県,愛知県議会議員選挙,名古屋市守山区,2,森井　元志,ﾓﾘｲ　ﾓﾄｼ,男,58,現職,4,有,公認,2023/3/31,2023/4/9,,motoshimorii,東海,TRUE,,〇,愛知県名古屋市守山区,,,,,,,
57,愛知県,愛知県議会議員選挙,名古屋市名東区,2,富田　昭雄,ﾄﾐﾀﾞ　ｱｷｵ,男,63,現職,5,有,公認,2023/3/31,2023/4/9,,bdxSvtQ8nQ1f7BE,東海,TRUE,,,愛知県名古屋市名東区,,,,,,,
58,愛知県,名古屋市議会議員選挙,西区,4,上園　晋介,ｳｴｿﾞﾉ　ｼﾝｽｹ,男,46,現職,2,有,公認,2023/3/31,2023/4/9,,uechannel249,東海,TRUE,,,愛知県西区,,,,,,,
59,愛知県,名古屋市議会議員選挙,千種区,5,山田　昌弘,ﾔﾏﾀﾞ　ﾏｻﾋﾛ,男,51,現職,3,有,公認,2023/3/31,2023/4/9,,,東海,TRUE,,,愛知県千種区,,,,,,,
60,愛知県,名古屋市議会議員選挙,守山区,5,小川　俊之,ｵｶﾞﾜ　ﾄｼﾕｷ,男,46,現職,4,有,公認,2023/3/31,2023/4/9,,,東海,TRUE,,,愛知県守山区,,,,,,,
61,愛知県,名古屋市議会議員選挙,名東区,5,日比　美咲,ﾋﾋﾞ　ﾐｻｷ,女,37,現職,2,有,公認,2023/3/31,2023/4/9,,,東海,TRUE,,,愛知県名東区,,,,,,,
62,愛知県,愛知県議会議員選挙,名古屋市西区,2,奥田　晋一,ｵｸﾀﾞ　ｼﾝｲﾁ,男,53,新人,,有,公認,2023/3/31,2023/4/9,,okuda_shinichi,東海,TRUE,,,愛知県名古屋市西区,,,,,,,
63,愛知県,名古屋市議会議員選挙,天白区,5,堀田　太規,ﾎｯﾀ　ﾀｲｷ,男,47,元職,1,有,公認,2023/3/31,2023/4/9,,,東海,TRUE,,,愛知県天白区,,,,,,,
64,愛知県,愛知県議会議員選挙,小牧市,2,天野　正基,ｱﾏﾉ　ﾏｻｷ,男,52,現職,4,有,公認,2023/3/31,2023/4/9,,AmanoMasaki,東海,TRUE,,,愛知県小牧市,,,,,,,
65,愛知県,一宮市議会議員選挙,,38,中村　一仁,ﾅｶﾑﾗ　ｶｽﾞﾋﾄ,男,45,現職,2,有,推薦,2023/4/16,2023/4/23,,1orlxjTuNSHD5Ww,東海,TRUE,,,愛知県一宮市,,,,,,,
66,愛知県,春日井市議会議員選挙,,32,伊藤　杏奈,ｲﾄｳ　ｱﾝﾅ,女,44,現職,2,有,公認,2023/4/16,2023/4/23,,itoanna107,東海,TRUE,,,愛知県春日井市,,,,,,,
67,愛知県,小牧市議会議員選挙,,25,小川　真由美,ｵｶﾞﾜ　ﾏﾕﾐ,女,49,現職,4,有,公認,,（2023/10/08）,,mayumi_ogawa,東海,TRUE,,,愛知県小牧市,,,,,,,
68,愛知県,小牧市議会議員選挙,,25,小澤　国大,ｺｻﾞﾜ　ｸﾆﾋﾛ,男,36,現職,3,有,公認,,（2023/10/08）,,,東海,TRUE,,,愛知県小牧市,,,,,,,
69,愛媛県,松山市議会議員選挙,,43,渡邉　啓之,ﾜﾀﾅﾍﾞ　ﾋﾛﾕｷ,男,49,新人,,有,追公,2022/4/17,2022/4/24,◎,one_ehime,四国,FALSE,,,愛媛県松山市,,,,,,,
70,愛媛県,愛媛県議会議員選挙,松山市・上浮穴郡,16,浅岡　志麻,ｱｻｵｶ　ｼﾏ,女,47,新人,,有,公認,2023/3/31,2023/4/9,,mirailabo0913,四国,TRUE,,,愛媛県松山市・上浮穴郡,https://new-kokumin.jp/wp-content/uploads/2022/09/dbfb83af6f81d0fbd3d05c130500f9f0-e1668421112462.jpg,ミライ∞ラボ,https://sb-mirailabo.net/,shima.asaoka,shima.asaoka,松山大学,"1997年　松山大学人文学部英語英米文学科卒業
1998年　株式会社Egg & Chick入社
2000年　株式会社コンベックス入社
2018年　株式会社ミライ・ラボ創業
大学卒業後、子ども英語教室講師を経て、採用コンサルティング会社に創業メンバーとして参画。中小企業の新卒・中途採用サポートや、大学生の就職支援業務等に約１２年従事。 その後、2018年10月に「自ら考え、自ら選び、自ら学ぶ」“教えない”学習塾「STUDY BASEミライ∞ラボ」を開校し5年目。
株式会社ミライ・ラボ 代表取締役
NPO法人こどものみらいプロジェクトゆめドリ愛媛サテライト 副事務局長
カナエルエヒメ 代表"
71,愛媛県,愛媛県議会議員選挙,西条市,4,塩出　崇,ｼｵﾃﾞ　ﾀｶｼ,男,74,現職,2,有,推薦,2023/3/31,2023/4/9,,,四国,TRUE,,,愛媛県西条市,https://new-kokumin.jp/wp-content/uploads/2023/01/6210f5f35e1c0dd454a6bd7127599d5e-scaled-e1675387389607.jpg,愛媛県議会議員　塩出 崇,http://www.shiode-takashi.com/,,,皇學館大学,"愛媛県議会議員（現職）
【経歴】皇學館大学卒業
新居浜市立商業高等学校教諭
愛媛県立新居浜東高等学校教諭
愛媛県立丹原高等学校教諭
愛媛県立新居浜西高等学校教諭
西条市議会議員（１期）
西條神社宮司 保護司"
72,愛媛県,新居浜市議会議員選挙,,26,加藤　昌延,ｶﾄｳ　ﾏｻﾉﾌﾞ,男,48,新人,,有,公認,2023/4/16,2023/4/23,,estakihabu,四国,TRUE,,,愛媛県新居浜市,https://new-kokumin.jp/wp-content/uploads/2022/11/1ab143d07427d3e4f667e988a9020ad6-scaled.jpg,加藤 まさのぶ ,https://go2senkyo.com/seijika/185912,masanobukato2022,masanobu.kato.92,中日本自動車短期大学,"自動車整備士
キッズスクール「エストレージャ新居浜」代表
新居浜市金子小学校
新居浜市立南中学校
新居浜東高等学校
中日本自動車短期大学卒業"
73,茨城県,茨城県議会議員選挙,ひたちなか市,3,二川　英俊,ﾌﾀｶﾜ　ﾄｼﾋﾃﾞ,男,44,現職,2,有,公認,2022/12/2,2022/12/11,◎,hide_futakawa,北関東,FALSE,,,茨城県ひたちなか市,,,,,,,
74,茨城県,茨城県議会議員選挙,日立市,4,斎藤　英彰,ｻｲﾄｳ　ﾋﾃﾞｱｷ,男,62,現職,3,有,公認,2022/12/2,2022/12/11,◎,Saitou_424,北関東,FALSE,,,茨城県日立市,,,,,,,
75,茨城県,茨城県議会議員選挙,日立市,4,高安　博明,ﾀｶﾔｽ　ﾋﾛｱｷ,男,57,現職,1,有,公認,2022/12/2,2022/12/11,◎,Takayasuhiro329,北関東,FALSE,,,茨城県日立市,,,,,,,
76,茨城県,かすみがうら市議会議員選挙,,16,櫻井　健一,ｻｸﾗｲ　ｹﾝｲﾁ,男,51,現職,1,有,公認,2023/1/15,2023/1/22,◎,kennichisakurai,北関東,FALSE,,,茨城県かすみがうら市,,,,,,,
77,茨城県,常総市議会議員選挙,,22,冨山　勝之,ﾄﾐﾔﾏ　ｶﾂﾕｷ,男,42,新人,,有,公認,2023/4/16,2023/4/23,,tomiyama_ka,北関東,TRUE,,,茨城県常総市,https://new-kokumin.jp/wp-content/uploads/2022/12/0483a629be693ca3ee4a5809121cefe6.jpg,常総市をBuild Up | とみやま勝之 公式HP,https://tomiyamakatsuyuki.com/,tomiyama.katsuyuki,,茨城県立水海道第一高等学校,茨城県立水海道第一高等学校卒/中央高等学校建築工学科卒
78,茨城県,水戸市議会議員選挙,,28,佐藤　昭雄,ｻﾄｳ　ｱｷｵ,男,47,現職,1,有,公認,2023/4/16,2023/4/23,,,北関東,TRUE,1975/12/1,,茨城県水戸市,https://new-kokumin.jp/wp-content/uploads/2020/12/051929c3060ef4efcfcc6b96c8e60734-e1666147844118.png,佐藤 あきお,https://www.310akio.com/,,310akio,福島県立若松商業高等学校,2019年4月　水戸市議会議員 初当選
79,岡山県,岡山県議会議員選挙,岡山市中区,4,髙橋　徹,ﾀｶﾊｼ　ﾄｵﾙ,男,55,現職,2,有,公認,2023/3/31,2023/4/9,,0312_toru,中国,TRUE,1967/3/12,,岡山県岡山市中区,https://new-kokumin.jp/wp-content/uploads/2022/07/5be9c0ca3f7d0d5823c43f05b7b29c69-e1665109789181.jpg,岡山県議会議員 髙橋とおる,https://www.takahashi-toru.net/,,takahashi.tohru.9,,"2005～2010　全天満屋労働組合中央執行委員長
2010～2014　連合岡山会長"
80,岡山県,岡山市議会議員選挙,岡山市中区,9,高橋　雄大,ﾀｶﾊｼ　ﾕｳﾀﾞｲ,男,41,現職,2,有,推薦,2023/3/31,2023/4/9,,,中国,TRUE,1981/4/11,,岡山県岡山市中区,https://new-kokumin.jp/wp-content/uploads/2022/11/0b1b08c494bff95bb02430f20ef41b60-e1675039157440.jpg,,,,,,ー
81,岩手県,滝沢市議会議員選挙,,20,齋藤　明,ｻｲﾄｳ　ｱｷﾗ,男,70,現職,2,有,公認,,（2023/07/30）,,,東北,TRUE,,,岩手県滝沢市,,,,,,,
82,岩手県,盛岡市議会議員選挙,,38,千葉　伸行,ﾁﾊﾞ　ﾉﾌﾞﾕｷ,男,53,現職,2,有,公認,,（2023/08/27),,,東北,TRUE,,,岩手県盛岡市,,,,,,,
83,岩手県,岩手県議会議員選挙,盛岡市,11,軽石　義則,ｶﾙｲｼ　ﾖｼﾉﾘ,男,62,現職,3,有,公認,,（2023/09/10),,,東北,TRUE,,,岩手県盛岡市,,,,,,,
84,岐阜県,岐阜県議会議員選挙,大垣市,4,野村　美穂,ﾉﾑﾗ　ﾐﾎ,女,53,現職,3,有,公認,2023/3/31,2023/4/9,,,,TRUE,,,岐阜県大垣市,,,,,,,
85,岐阜県,岐阜県議会議員選挙,各務原市,3,伊藤　正博,ｲﾄｳ　ﾏｻﾋﾛ,男,71,現職,6,有,公認,2023/3/31,2023/4/9,,,,TRUE,,,岐阜県各務原市,,,,,,,
86,岐阜県,岐阜県議会議員選挙,可児市,2,伊藤　英生,ｲﾄｳ　ﾋﾃﾞｵ,男,50,現職,2,有,公認,2023/3/31,2023/4/9,,,,TRUE,,,岐阜県可児市,,,,,,,
87,岐阜県,大垣市議会議員選挙,,22,粥川　加奈子,ｶﾕｶﾜ　ｶﾅｺ,女,64,現職,4,有,公認,2023/4/16,2023/4/23,,,,TRUE,,,岐阜県大垣市,,,,,,,
88,岐阜県,大垣市議会議員選挙,,22,小原　一喜,ｵﾊﾗ　ｶｽﾞｷ,男,34,新人,,有,公認,2023/4/16,2023/4/23,,Oharakazuki309,,TRUE,,,岐阜県大垣市,,,,,,,
87,宮崎県,門川町議会議員選挙,,14,岩佐　祐一,ｲﾜｻ　ﾕｳｲﾁ,男,71,現職,3,有,公認,2023/2/14,2023/2/19,,,九州,TRUE,,〇,宮崎県門川町,,,,,,,
88,宮崎県,宮崎県議会議員選挙,宮崎市,12,吉村　大志郎,ﾖｼﾑﾗ　ﾀﾞｲｼﾛｳ,男,38,新人,,有,公認,2023/3/31,2023/4/9,,Shiro117385631,九州,TRUE,,〇,宮崎県宮崎市,,,,,,,
89,宮崎県,宮崎県議会議員選挙,延岡市,5,下田　英樹,ｼﾓﾀﾞ　ｴｲｼﾞｭ,男,59,新人,,有,公認,2023/3/31,2023/4/9,,LbtKqwBMbZFMnyy,九州,TRUE,,,宮崎県延岡市,,,,,,,
90,宮崎県,延岡市議会議員選挙,,27,日髙　祥一,ﾋﾀﾞｶﾞ　ｼｮｳｲﾁ,男,43,新人,,有,公認,2023/4/16,2023/4/23,,,,TRUE,,,宮崎県延岡市,,,,,,,
91,宮崎県,延岡市議会議員選挙,,27,前田　遼,ﾏｴﾀﾞ　ﾘｮｳ,男,27,新人,,有,公認,2023/4/16,2023/4/23,,ryomaeda_saw,,TRUE,,,宮崎県延岡市,,,,,,,
92,宮崎県,日向市議会議員選挙,,20,大畑　智広,ｵｵﾊﾀ　ﾄﾓﾋﾛ,男,40,新人,,有,公認,2023/4/16,2023/4/23,,,,TRUE,,,宮崎県日向市,,,,,,,
93,宮崎県,日向市議会議員選挙,,20,黒田　教太,ｸﾛﾀﾞ　ｷｮｳﾀ,男,29,新人,,有,公認,2023/4/16,2023/4/23,,kyota0498,,TRUE,,,宮崎県日向市,,,,,,,
94,宮崎県,宮崎市議会議員選挙,,40,恒吉　浩之,ﾂﾈﾖｼ　ﾋﾛﾕｷ,男,48,新人,,有,公認,2023/4/16,2023/4/23,,,,TRUE,,,宮崎県宮崎市,,,,,,,
95,宮崎県,延岡市議会議員選挙,,27,小御門　綾,ｺﾐｶﾄﾞ　ｱﾔ,女,51,新人,,有,公認,2023/4/16,2023/4/23,,,,TRUE,,,宮崎県延岡市,,,,,,,
96,宮崎県,宮崎市議会議員選挙,,40,田浦　洋志,ﾀｳﾗ　ﾋﾛｼ,男,49,新人,,有,公認,2023/4/16,2023/4/23,,,,TRUE,,,宮崎県宮崎市,,,,,,,
97,宮崎県,延岡市議会議員選挙,,27,早瀬　賢一,ﾊﾔｾ　ｹﾝｲﾁ,男,57,現職,4,有,公認,2023/4/16,2023/4/23,,,,TRUE,,,宮崎県延岡市,,,,,,,
98,宮崎県,延岡市議会議員選挙,,27,吉本　靖,ﾖｼﾓﾄ　ﾔｽｼ,男,64,現職,2,有,公認,2023/4/16,2023/4/23,,,,TRUE,,,宮崎県延岡市,,,,,,,
99,宮崎県,延岡市議会議員選挙,,27,甲斐　行雄,ｶｲ　ｲｸｵ,男,67,現職,2,有,公認,2023/4/16,2023/4/23,,,,TRUE,,,宮崎県延岡市,,,,,,,
100,宮崎県,宮崎市議会議員選挙,,40,黒木　通哲,ｸﾛｷﾞ　ﾂｳﾃﾂ,男,72,現職,6,有,公認,2023/4/16,2023/4/23,,,,TRUE,,,宮崎県宮崎市,,,,,,,
101,京都府,京都府議会議員選挙,京都市左京区,3,北岡　千はる,ｷﾀｵｶ　ﾁﾊﾙ,女,64,現職,8,有,公認,2023/3/31,2023/4/9,,,,TRUE,,,京都府京都市左京区,,,,,,,
102,京都府,京都府議会議員選挙,京都市山科区,3,梶原　英樹,ｶｼﾞﾜﾗ　ﾋﾃﾞｷ,男,39,現職,1,有,公認,2023/3/31,2023/4/9,,kajiwarahideki,,TRUE,,,京都府京都市山科区,,,,,,,
103,京都府,京都府議会議員選挙,城陽市,2,酒井　常雄,ｻｶｲ　ﾂﾈｵ,男,60,現職,3,有,公認,2023/3/31,2023/4/9,,,,TRUE,,,京都府城陽市,,,,,,,
104,京都府,京都府議会議員選挙,京田辺市・綴喜郡,2,北川　剛司,ｷﾀｶﾞﾜ　ﾀｶｼ,男,60,現職,2,有,公認,2023/3/31,2023/4/9,,,,TRUE,,,京都府京田辺市・綴喜郡,,,,,,,
105,京都府,京都市議会議員選挙,左京区,8,隠塚　功,ｵﾝﾂﾞｶ　ｲｻｵ,男,59,元職,4,有,公認,2023/3/31,2023/4/9,,,,TRUE,,,京都府左京区,,,,,,,
106,京都府,京都市議会議員選挙,東山区,2,中野　洋一,ﾅｶﾉ　ﾖｳｲﾁ,男,53,現職,4,有,公認,2023/3/31,2023/4/9,,,,TRUE,,,京都府東山区,,,,,,,
107,京都府,京都市議会議員選挙,山科区,6,小島　信太郎,ｺｼﾞﾏ　ｼﾝﾀﾛｳ,男,35,現職,1,有,公認,2023/3/31,2023/4/9,,,,TRUE,,,京都府山科区,,,,,,,
108,京都府,福知山市議会議員選挙,,24,芦田　眞弘,ｱｼﾀﾞ　ﾏｻﾋﾛ,男,58,現職,3,有,推薦,2023/4/16,2023/4/23,,,,TRUE,,,京都府福知山市,,,,,,,
109,京都府,宇治市議会議員選挙,,28,角谷　陽平,ｶﾄﾞﾔ　ﾖｳﾍｲ,男,42,現職,1,有,公認,2023/4/16,2023/4/23,,,,TRUE,,,京都府宇治市,,,,,,,
110,京都府,城陽市議会議員選挙,,20,上原　敏,ｳｴﾊﾗ　ｻﾄｼ,男,53,現職,2,有,公認,2023/4/16,2023/4/23,,,,TRUE,,,京都府城陽市,,,,,,,
111,京都府,木津川市議会議員選挙,,20,河口　靖子,ｶﾜｸﾞﾁ　ﾔｽｺ,女,78,現職,3,有,推薦,2023/4/16,2023/4/23,,,,TRUE,,,京都府木津川市,,,,,,,
112,京都府,宇治市議会議員選挙,,28,今川　美也,ｲﾏｶﾞﾜ　ﾐﾔ,女,56,現職,2,有,公認,2023/4/16,2023/4/23,,,,TRUE,,,京都府宇治市,,,,,,,
113,京都府,城陽市議会議員選挙,,20,宮園　智子,ﾐﾔｿﾞﾉ　ﾄﾓｺ,女,42,新人,,有,推薦,2023/4/16,2023/4/23,,,,TRUE,,,京都府城陽市,,,,,,,
114,京都府,京田辺市議会議員選挙,,20,河本　隆志,ｶﾜﾓﾄ　ﾀｶｼ,男,43,現職,4,有,公認,2023/4/16,2023/4/23,,,,TRUE,,,京都府京田辺市,,,,,,,
115,熊本県,熊本市議会議員選挙,熊本市西区,6,島津　哲也,ｼﾏﾂﾞ　ﾃﾂﾔ,男,50,現職,1,有,公認,2023/3/31,2023/4/9,,,九州,TRUE,,,熊本県熊本市西区,,,,,,,
116,広島県,広島県議会議員選挙,尾道市,3,金口　巖,ｶﾅｸﾁ　ｲﾜｵ,男,68,現職,4,有,推薦,2023/3/31,2023/4/9,,,,TRUE,,,広島県尾道市,,,,,,,
117,香川県,香川県議会選挙,高松市,15,山本　悟史,ﾔﾏﾓﾄ　ｻﾄｼ,男,53,現職,3,有,公認,2023/3/31,2023/4/9,,,四国,TRUE,,,香川県高松市,,,,,,,
118,香川県,香川県議会選挙,高松市,15,金藤　友香理,ｶﾈﾄｳ　ﾕｶﾘ,女,51,新人,,有,公認,2023/3/31,2023/4/9,,,四国,TRUE,,,香川県高松市,,,,,,,
119,香川県,香川県議会選挙,東かがわ市,2,鏡原　慎一郎,ｶｶﾞﾐﾊﾗ　ｼﾝｲﾁﾛｳ,男,37,現職,1,有,公認,2023/3/31,2023/4/9,,,四国,TRUE,,,香川県東かがわ市,,,,,,,
120,香川県,香川県議会選挙,観音寺市,3,五味　伸亮,ｺﾞﾐ　ﾉﾌﾞｱｷ,男,41,新人,,有,公認,2023/3/31,2023/4/9,,,四国,TRUE,,,香川県観音寺市,,,,,,,
121,香川県,香川県議会議員選挙,さぬき市,2,三木　由美子,ﾐｷ　ﾕﾐｺ,女,57,新人,,有,公認,2023/3/31,2023/4/9,,,,TRUE,,,香川県さぬき市,,,,,,,
122,香川県,高松市議会議員選挙,,40,大西　智,ｵｵﾆｼ　ｻﾄｼ,男,52,現職,3,有,推薦,2023/4/16,2023/4/23,,,,TRUE,,,香川県高松市,,,,,,,
123,香川県,高松市議会議員選挙,,40,米田　優,ﾖﾈﾀﾞ　ﾏｻﾙ,男,59,新人,,有,公認,2023/4/16,2023/4/23,,,,TRUE,,,香川県高松市,,,,,,,
124,香川県,高松市議会議員選挙,,40,前川　幸輝,ﾏｴｶﾜ　ｺｳｷ,男,25,新人,,有,公認,2023/4/16,2023/4/23,,maekawa190,,TRUE,,,香川県高松市,,,,,,,
125,香川県,坂出市議会議員選挙,,20,小笠原　浩,ｵｶﾞｻﾜﾗ　ﾋﾛｼ,男,57,現職,1,有,公認,2023/4/16,2023/4/23,,,,TRUE,,,香川県坂出市,,,,,,,
126,香川県,さぬき市議会議員選挙,,20,名倉　毅,ﾅｸﾞﾗ　ﾀｹｼ,男,80,現職,4,有,公認,2023/4/16,2023/4/23,,,,TRUE,,,香川県さぬき市,,,,,,,
127,香川県,さぬき市議会議員選挙,,20,中川　睦彦,ﾅｶｶﾞﾜ　ﾑﾂﾋｺ,男,52,現職,1,有,公認,2023/4/16,2023/4/23,,,,TRUE,,,香川県さぬき市,,,,,,,
128,香川県,さぬき市議会議員選挙,,20,濱岡　洋貴,ﾊﾏｵｶ　ﾋﾛｷ,男,29,新人,,有,公認,2023/4/16,2023/4/23,,hamaoka_hiroki,,TRUE,,,香川県さぬき市,,,,,,,
129,香川県,東かがわ市議会議員選挙,,16,山口　大輔,ﾔﾏｸﾞﾁ　ﾀﾞｲｽｹ,男,47,現職,2,有,公認,2023/4/16,2023/4/23,,,,TRUE,,,香川県東かがわ市,,,,,,,
130,香川県,東かがわ市議会議員選挙,,16,淀　紀清,ﾖﾄﾞ　ｷｽｽﾞ,女,24,新人,,有,公認,2023/4/16,2023/4/23,,Kisuzu_udon,,TRUE,,,香川県東かがわ市,,,,,,,
131,香川県,三木町議会議員選挙,,16,友保　陽子,ﾄﾓﾔｽ　ﾖｳｺ,女,52,現職,1,有,公認,2023/4/18,2023/4/23,,,,TRUE,,,香川県三木町,,,,,,,
132,香川県,宇多津町議会議員選挙,,10,柳口　欣吾,ﾔﾅｸﾞﾁ　ｷﾝｺﾞ,男,56,新人,,有,公認,2023/4/18,2023/4/23,,,,TRUE,,,香川県宇多津町,,,,,,,
133,香川県,宇多津町議会議員選挙,,10,沼田　友紀,ﾇﾏﾀ　ﾕｷ,女,28,新人,,有,公認,2023/4/18,2023/4/23,,yukinumatautazu,,TRUE,,,香川県宇多津町,,,,,,,
134,香川県,坂出市議会議員選挙,,19,浦川　雅己,ｳﾗｶﾜ　ﾏｻﾐ,男,45,新人,,有,公認,2023/4/16,2023/4/23,,,,TRUE,,,香川県坂出市,,,,,,,
135,高知県,高知県議会議員選挙,高知市,15,前田　強,ﾏｴﾀﾞ　ﾂﾖｼ,男,39,元職,1,有,公認,2023/3/31,2023/4/9,,maetsuyoshi,九州,TRUE,,,高知県高知市,,,,,,,
136,埼玉県,さいたま市議会議員選挙,南区,9,丹羽　宝宏,ﾆﾜ　ﾀｶﾋﾛ,男,41,元職,,有,公認,2023/3/31,2023/4/9,,,北関東,TRUE,,,埼玉県南区,,,,,,,
137,埼玉県,埼玉県議会議員選挙,西第7区,4,山根　史子,ﾔﾏﾈ　ﾌﾐｺ,女,38,現職,2,有,推薦,2023/3/31,2023/4/9,,yamanefumikogm1,,TRUE,,,埼玉県西第7区,,,,,,,
138,埼玉県,熊谷市議会議員選挙,,30,黒澤　三千夫,ｸﾛｻﾜ　ﾐﾁｵ,男,59,現職,4,有,公認,2023/4/16,2023/4/23,,kurokumagaya,,TRUE,,,埼玉県熊谷市,,,,,,,
139,埼玉県,川越市議会議員選挙,,36,片野　広隆,ｶﾀﾉ　ﾋﾛﾀｶ,男,47,現職,5,有,推薦,2023/4/16,2023/4/23,,katano_36,,TRUE,,,埼玉県川越市,,,,,,,
140,埼玉県,和光市議会議員選挙,,18,鎌田　泰春,ｶﾏﾀﾞ　ﾔｽﾊﾙ,男,27,新人,,有,公認,2023/4/16,2023/4/23,,KamadaYasuharu,,TRUE,,,埼玉県和光市,,,,,,,
54,三重県,津市議会議員選挙,,34,伊藤　哲也,ｲﾄｳ　ﾃﾂﾔ,男,53,新人,,無,推薦,2022/1/16,2022/1/23,◎,,,FALSE,,,三重県津市,,,,,,,
55,三重県,三重県議会議員選挙,鈴鹿市,4,平畑　武,ﾋﾗﾊﾀ　ﾀｹｼ,男,68,現職,1,有,推薦,2023/3/31,2023/4/9,,,,TRUE,,,三重県鈴鹿市,,,,,,,
56,三重県,三重県議会議員選挙,津市,7,川口　円,ｶﾜｸﾞﾁ　ﾏﾄﾞｶ,男,51,現職,1,有,推薦,2023/3/31,2023/4/9,,,,TRUE,,,三重県津市,,,,,,,
57,三重県,三重県議会議員選挙,伊勢市,4,廣　耕太郎,ﾋﾛ　ｺｳﾀﾛｳ,男,60,現職,2,無,推薦,2023/3/31,2023/4/9,,,,TRUE,,,三重県伊勢市,,,,,,,
58,三重県,三重県議会議員選挙,四日市市,7,稲垣　昭義,ｲﾅｶﾞｷ　ｱｷﾖｼ,男,50,現職,5,無,推薦,2023/3/31,2023/4/9,,,,TRUE,,,三重県四日市市,,,,,,,
59,三重県,三重県議会議員選挙,多気郡,2,濱井　初男,ﾊﾏｲ　ﾊﾂｵ,男,72,現職,3,無,推薦,2023/3/31,2023/4/9,,,,TRUE,,,三重県多気郡,,,,,,,
60,三重県,四日市市議会議員選挙,,34,加納　康樹,ｶﾉｳ　ﾔｽｷ,男,57,現職,5,有,公認,2023/4/16,2023/4/23,,,,TRUE,,,三重県四日市市,,,,,,,
61,山形県,山形県議会議員選挙,山形市,9,梅津　庸成,ｳﾒﾂ　ﾖｳｾｲ,男,55,現職,1,有,公認,2023/3/31,2023/4/9,,umetsuyosei,東北,TRUE,,〇,山形県山形市,,,,,,,
62,山形県,山形県議会議員選挙,村山市,1,菊池　大二郎,ｷｸﾁ　ﾀﾞｲｼﾞﾛｳ,男,40,現職,1,有,公認,2023/3/31,2023/4/9,,,東北,TRUE,,,山形県村山市,,,,,,,
63,山形県,山形県議会議員選挙,東根市,2,齋藤　俊一郎,ｻｲﾄｳ　ｼｭﾝｲﾁﾛｳ,男,40,新人,,有,推薦,2023/3/31,2023/4/9,,,東北,TRUE,,,山形県東根市,,,,,,,
64,山形県,山形県議会議員選挙,酒田市・飽海郡,5,江口　暢子,ｴｸﾞﾁ　ﾖｳｺ,女,62,新人,,無,推薦,2023/3/31,2023/4/9,,,東北,TRUE,,,山形県酒田市・飽海郡,,,,,,,
65,山形県,米沢市議会議員選挙,,24,島貫　宏幸,ｼﾏﾇｷ　ﾋﾛﾕｷ,男,55,現職,2,有,推薦,2023/4/16,2023/4/23,,,東北,TRUE,,,山形県米沢市,,,,,,,
66,山形県,山形市議会議員選挙,,33,渋江　朋博,ｼﾌﾞｴ　ﾄﾓﾋﾛ,男,46,現職,3,有,推薦,2023/4/16,2023/4/23,,,東北,TRUE,,,山形県山形市,,,,,,,
67,山形県,山形市議会議員選挙,,33,武田　聡,ﾀｹﾀﾞ　ｻﾄｼ,男,54,現職,4,無,推薦,2023/4/16,2023/4/23,,,東北,TRUE,,,山形県山形市,,,,,,,
68,山形県,新庄市議会議員選挙,,18,新田　道尋,ﾆｯﾀ　ﾐﾁﾋﾛ,男,82,現職,8,有,公認,2023/4/16,2023/4/23,,,東北,TRUE,,,山形県新庄市,,,,,,,
69,山口県,山口県議会議員選挙,周南市,5,大内　一也,ｵｵｳﾁ　ｶｽﾞﾔ,男,48,新人,,有,公認,2023/3/31,2023/4/9,,ouchi_kazuya,中国,TRUE,,〇,山口県周南市,,,,,,,
70,滋賀県,長浜市議会議員選挙,,22,藤井　のぼる,ﾌｼﾞｲ　ﾉﾎﾞﾙ,男,64,現職,1,無,推薦,2022/7/17,2022/7/24,◎,,,FALSE,,,滋賀県長浜市,,,,,,,
71,滋賀県,滋賀県議会議員選挙,大津市,10,河井　昭成,ｶﾜｲ　ｱｷﾅﾘ,男,49,現職,1,有,公認,2023/3/31,2023/4/9,,,,TRUE,,,滋賀県大津市,,,,,,,
72,滋賀県,大津市議会議員選挙,,38,日隈　慈,ﾋｸﾞﾏ　ｲﾂｷ,男,34,新人,,有,公認,2023/4/16,2023/4/23,,itsukihiguma,,TRUE,,,滋賀県大津市,,,,,,,
73,滋賀県,大津市議会議員選挙,,38,草川　肇,ｸｻｶﾜ　ﾊｼﾞﾒ,男,63,現職,4,無,推薦,2023/4/16,2023/4/23,,,,TRUE,,,滋賀県大津市,,,,,,,
74,滋賀県,大津市議会議員選挙,,38,嘉田　修平,ｶﾀﾞ　ｼｭｳﾍｲ,男,43,現職,2,無,推薦,2023/4/16,2023/4/23,,,,TRUE,,,滋賀県大津市,,,,,,,
75,滋賀県,彦根市議会議員選挙,,24,矢吹　安子,ﾔﾌﾞｷ　ﾔｽｺ,女,76,現職,6,無,推薦,2023/4/16,2023/4/23,,,,TRUE,,,滋賀県彦根市,,,,,,,
76,滋賀県,大津市議会議員選挙,,38,奥村　功,ｵｸﾑﾗ　ｲｻｵ,男,61,現職,5,有,公認,2023/4/16,2023/4/23,,,,TRUE,,,滋賀県大津市,,,,,,,
77,滋賀県,大津市議会議員選挙,,38,船本　力,ﾌﾅﾓﾄ　ﾂﾄﾑ,男,54,現職,4,有,推薦,2023/4/16,2023/4/23,,,,TRUE,,,滋賀県大津市,,,,,,,
78,滋賀県,大津市議会議員選挙,,38,田中　知久,ﾀﾅｶ　ﾄﾓﾋｻ,男,51,現職,1,有,公認,2023/4/16,2023/4/23,,,,TRUE,,,滋賀県大津市,,,,,,,
79,鹿児島県,鹿児島県議会議員選挙,鹿児島市・鹿児島郡区,17,森山　博行,ﾓﾘﾔﾏ　ﾋﾛﾕｷ,男,57,新人,,有,公認,2023/3/31,2023/4/9,,lpSaWpiOJwz6uqd,九州,TRUE,,,鹿児島県鹿児島市・鹿児島郡区,,,,,,,
80,秋田県,秋田市議会議員選挙,,36,鈴木　一正,ｽｽﾞｷ　ｶｽﾞﾏｻ,男,37,新人,,有,公認,2023/4/16,2023/4/23,,,,TRUE,,,秋田県秋田市,,,,,,,
81,新潟県,胎内市議会議員選挙,,16,薄田　智,ｳｽﾀﾞｻﾄｼ,男,61,現職,4,有,推薦,2022/9/11,2022/9/18,◎,,北陸信越,FALSE,,,新潟県胎内市,,,,,,,
82,新潟県,新潟市議会議員選挙,秋葉区,5,小林　裕史,ｺﾊﾞﾔｼ　ﾋﾛﾌﾐ,男,45,新人,,有,推薦,2023/3/31,2023/4/9,,,北陸信越,TRUE,,,新潟県秋葉区,,,,,,,
83,新潟県,新潟県議会議員選挙,新潟市中央区,3,上杉　知之,ｳｴｽｷﾞ　ﾄﾓﾕｷ,男,53,現職,2,有,公認,2023/3/31,2023/4/9,,,北陸信越,TRUE,,,新潟県新潟市中央区,,,,,,,
84,新潟県,長岡市議会議員選挙,,34,三澤　寛人,ﾐｻﾜ　ﾋﾛﾄ,男,26,新人,,有,公認,2023/4/16,2023/4/23,,New__wind,北陸信越,TRUE,,〇,新潟県長岡市,,,,,,,
89,神奈川県,相模原市議会議員選挙,中央区,17,森　繁之,ﾓﾘ　ｼｹﾞﾕｷ,男,56,現,4,無,推薦,2023/3/31,2023/4/9,,,,TRUE,,,神奈川県中央区,,,,,,,
90,神奈川県,川崎市議会議員選挙,宮前区,9,茂野　真,ｼｹﾞﾉ　ﾏｺﾄ,男,39,新,,有,推薦,2023/3/31,2023/4/9,,,,TRUE,,,神奈川県宮前区,,,,,,,
91,神奈川県,横浜市議会議員選挙,旭区,6,小粥　康弘,ｺｶﾞﾕ　ﾔｽﾋﾛ,男,55,現職,5,有,公認,2023/3/31,2023/4/9,,yasuhirokogayu,南関東,TRUE,,,神奈川県旭区,,,,,,,
92,神奈川県,横浜市議会議員選挙,戸塚区,6,坂本　勝司,ｻｶﾓﾄ　ｶﾂｼﾞ,男,55,現職,3,有,公認,2023/3/31,2023/4/9,,gutsdego,南関東,TRUE,,,神奈川県戸塚区,,,,,,,
93,神奈川県,神奈川県議会議員選挙,横浜市戸塚区,4,後藤田　弥生,ｺﾞﾄｳﾀﾞ　ﾔﾖｲ,女,56,新人,,有,公認,2023/3/31,2023/4/9,,,南関東,TRUE,,,神奈川県横浜市戸塚区,,,,,,,
94,神奈川県,川崎市議会議員選挙,川崎区,9,林　敏夫,ﾊﾔｼ　ﾄｼｵ,男,58,現職,2,有,推薦,2023/3/31,2023/4/9,,,南関東,TRUE,,,神奈川県川崎区,,,,,,,
95,神奈川県,横浜市議会議員選挙,横浜市神奈川区,5,見矢木　素延,ﾐﾔｷﾞ　ｽｴﾝ,女,44,新人,,有,公認,2023/3/31,2023/4/9,,Miyagi_Suen,南関東,TRUE,,,神奈川県横浜市神奈川区,,,,,,,
96,神奈川県,神奈川県議会議員選挙,横浜市泉区,2,西岡　義高,ﾆｼｵｶ　ﾖｼﾀｶ,男,45,新人,,有,公認,2023/3/31,2023/4/9,,osunishiokades,南関東,TRUE,,,神奈川県横浜市泉区,,,,,,,
97,神奈川県,川崎市議会議員選挙,川崎市高津区,9,鈴木　明伸,ｽｽﾞｷ　ｱｷﾉﾌﾞ,男,48,新人,,有,公認,2023/3/31,2023/4/9,,akinobu593,南関東,TRUE,,,神奈川県川崎市高津区,,,,,,,
98,神奈川県,横浜市議会議員選挙,栄区,3,石渡　由紀夫,ｲｼﾜﾀ　ﾕｷｵ,男,59,元職,3,有,公認,2023/3/31,2023/4/9,,ishiwata_yukio,南関東,TRUE,,,神奈川県栄区,,,,,,,
99,神奈川県,神奈川県議会議員選挙,港南区,5,宮原　裕美,ﾐﾔﾊﾗ　ﾋﾛﾐ,女,56,新人,,有,公認,2023/3/31,2023/4/9,,miyahara_hiro,南関東,TRUE,,,神奈川県港南区,,,,,,,
100,神奈川県,横浜市議会議員選挙,都筑区,5,深作　祐衣,ﾌｶｻｸ　ﾕｲ,女,30,新人,,有,公認,2023/3/31,2023/4/9,,fukasakuyui,南関東,TRUE,,,神奈川県都筑区,,,,,,,
101,神奈川県,相模原市議会議員選挙,南区,18,松田　峰由紀,ﾏﾂﾀﾞ　ﾐﾈﾕｷ,男,44,新人,,有,公認,2023/3/31,2023/4/9,,matsudamineyuki,南関東,TRUE,,,神奈川県南区,,,,,,,
102,神奈川県,横浜市議会議員選挙,磯子区,4,二井　久美代,ﾌﾀｲ　ｸﾐﾖ,女,40,現職,1,有,推薦,2023/3/31,2023/4/9,,futaikumiyo,南関東,TRUE,,,神奈川県磯子区,,,,,,,
103,神奈川県,横浜市議会議員選挙,鶴見区,7,足立　秀樹,ｱﾀﾞﾁ　ﾋﾃﾞｷ,男,51,元職,1,有,公認,2023/3/31,2023/4/9,,hide_ytr,南関東,TRUE,,,神奈川県鶴見区,,,,,,,
104,神奈川県,相模原市議会議員選挙,緑区,11,神田　実穂,ｶﾝﾀﾞ　ﾐﾎ,女,50,新人,,有,公認,2023/3/31,2023/4/9,,KandaMihokms,南関東,TRUE,,,神奈川県緑区,,,,,,,
105,神奈川県,相模原市議会議員選挙,中央区,17,三須　城太郎,ﾐｽ　ｼﾞｮｳﾀﾛｳ,男,44,現職,1,無,推薦,2023/3/31,2023/4/9,,,南関東,TRUE,,,神奈川県中央区,,,,,,,
106,神奈川県,藤沢市議会議員選挙,,36,須田　一行,ｽﾀﾞ　ｶｽﾞﾕｷ,男,45,新人,,有,公認,2023/4/16,2023/4/23,,sudakazuyuki,南関東,TRUE,,,神奈川県藤沢市,,,,,,,
107,神奈川県,厚木市議会議員選挙,,28,濱添　桂輔,ﾊﾏｿﾞｴ　ｹｲｽｹ,男,42,新人,,有,公認,,（2023/07/31）,,Keisuke_Hamazoe,南関東,TRUE,,,神奈川県厚木市,,,,,,,
108,静岡県,焼津市議会議員選挙,,21,岡田　光正,ｵｶﾀﾞ　ﾐﾂﾏｻ,男,69,現職,3,有,推薦,2023/1/29,2023/2/5,◎,sizuoka35bank,東海,FALSE,,〇,静岡県焼津市,,,,,,,
109,静岡県,浜松市議会議員選挙,南区,6,小名木　勇人,ｺﾅｷﾞｲｻﾄ,男,44,新人,,有,推薦,2023/3/31,2023/4/9,,isato_konagi,東海,TRUE,,〇,静岡県南区,https://new-kokumin.jp/wp-content/uploads/2022/10/d95784511884eae025a9c3e867694240-scaled.jpg,,,,,,
110,静岡県,静岡県議会議員選挙,静岡市清水区,4,中山　真珠,ﾅｶﾔﾏ　ｼﾝｼﾞｭ,女,27,新人,,有,公認,2023/3/31,2023/4/9,,shinju_nakayama,東海,TRUE,,〇,静岡県静岡市清水区,https://new-kokumin.jp/wp-content/uploads/2022/11/f9f1b7d6f06824717bfad3046a060539-e1670923332113.jpeg,,,,,,
111,石川県,金沢市議会議員選挙,,38,粟森　慨,ｱﾜﾓﾘ　ｶﾞｲ,男,52,現職,4,有,公認,2023/4/16,2023/4/23,,,,TRUE,,,石川県金沢市,,,,,,,
112,千葉県,野田市議会議員選挙,,28,小椋　直樹,ｵｸﾞﾗ　ﾅｵｷ,男,57,現職,2,有,公認,2022/5/15,2022/5/22,◎,,,FALSE,,,千葉県野田市,,,,,,,
113,千葉県,八千代市議会議員選挙,,28,飛知和　真理子,ﾋﾁﾜ　ﾏﾘｺ,女,54,新人,,有,公認,2022/12/11,2022/12/18,◎,mariko_hichiwa,,FALSE,,,千葉県八千代市,,,,,,,
114,千葉県,千葉県議会議員選挙,野田市,2,榎本　怜,ｴﾉﾓﾄ　ﾚｲ,男,27,新人,,有,公認,2023/3/31,2023/4/9,,ReiEnomoto,,TRUE,,,千葉県野田市,,,,,,,
115,千葉県,千葉県議会議員選挙,成田市,2,橋本　幹彦,ﾊｼﾓﾄ　ﾐｷﾋｺ,男,26,新人,,有,推薦,2023/3/31,2023/4/9,,Hashimoto_Mkhk,,TRUE,,,千葉県成田市,,,,,,,
116,千葉県,千葉県議会議員選挙,千葉市稲毛区,2,天野　行雄,ｱﾏﾉ　ﾕｷｵ,男,62,現職,4,有,公認,2023/3/31,2023/4/9,,,,TRUE,,,千葉県千葉市稲毛区,,,,,,,
117,千葉県,流山市議会議員選挙,,28,藤井　俊行,ﾌｼﾞｲ　ﾄｼﾕｷ,男,62,現職,5,有,公認,2023/4/16,2023/4/23,,,,TRUE,,,千葉県流山市,,,,,,,
118,千葉県,佐倉市議会議員選挙,,28,高木　大輔,ﾀｶｷﾞ　ﾀﾞｲｽｹ,男,51,現職,3,有,公認,2023/4/16,2023/4/23,,takagi_daisuke,,TRUE,,,千葉県佐倉市,,,,,,,
119,千葉県,船橋市議会議員選挙,,50,萩原　一樹,ﾊｷﾞﾜﾗ　ｶｽﾞｷ,男,28,新人,,有,公認,2023/4/16,2023/4/23,,KHagi_Funabashi,,TRUE,,,千葉県船橋市,,,,,,,
120,千葉県,印西市議会議員選挙,,22,都築　真理子,ﾂﾂﾞｷ　ﾏﾘｺ,女,54,新人,,有,公認,2023/4/16,2023/4/23,,inzai_mariko,,TRUE,,,千葉県印西市,,,,,,,
121,千葉県,市川市議会議員選挙,,42,石﨑　英幸,ｲｼｻﾞｷ　ﾋﾃﾞﾕｷ,男,53,元職,,有,公認,2023/4/16,2023/4/23,,h_ishizaki,,TRUE,,,千葉県市川市,,,,,,,
122,千葉県,佐倉市議会議員選挙,,28,橋本　直久,ﾊｼﾓﾄ　ﾅｵﾋｻ,男,58,新人,,有,推薦,2023/4/16,2023/4/23,,nh19911991,,TRUE,,,千葉県佐倉市,,,,,,,
123,千葉県,船橋市議会議員選挙,,50,中谷　綾乃,ﾅｶﾀﾆ　ｱﾔﾉ,女,52,新人,,有,公認,2023/4/16,2023/4/23,,nakataniayano,,TRUE,,,千葉県船橋市,,,,,,,
124,千葉県,浦安市議会議員選挙,,21,工藤　由紀子,ｸﾄﾞｳ　ﾕｷｺ,女,44,新人,,有,公認,2023/4/16,2023/4/23,,Yukiko_Kudo281,,TRUE,,,千葉県浦安市,,,,,,,
125,千葉県,市原市議会議員選挙,,32,吉田　峰行,ﾖｼﾀﾞ　ﾐﾈﾕｷ,男,48,現職,3,有,推薦,,（2023/06/15）,,,,TRUE,,,千葉県市原市,,,,,,,
126,大阪府,河内長野市議会議員選挙,,18,堀川　和彦,ﾎﾘｶﾜ　ｶｽﾞﾋﾛ,男,63,現職,3,無,推薦,2022/4/17,2022/4/24,◎,,,FALSE,,,大阪府河内長野市,,,,,,,
127,大阪府,豊中市議会議員選挙,,34,白岩　正三,ｼﾗｲﾜ　ｼｮｳｿﾞｳ,男,46,現職,3,有,公認,2023/4/16,2023/4/23,,,,TRUE,,,大阪府豊中市,,,,,,,
128,大阪府,池田市議会議員選挙,,22,坂上　昭栄,ｻｶｶﾞﾐ　ｼｮｳｴｲ,男,48,現職,1,有,公認,2023/4/16,2023/4/23,,,,TRUE,,,大阪府池田市,,,,,,,
129,大阪府,熊取町議会議員選挙,,14,坂上　昌史,ｻｶｳｴ　ﾏｻﾌﾐ,男,39,現職,2,有,公認,2023/4/18,2023/4/23,,SakaueMasafumi,,TRUE,,,大阪府熊取町,,,,,,,
130,大阪府,高槻市議会議員選挙,,34,吉尾　卓也,ﾖｼｵ　ﾀｸﾔ,男,52,新人,,有,公認,2023/4/16,2023/4/23,,,,TRUE,,,大阪府高槻市,,,,,,,
131,大阪府,大阪狭山市議会議員選挙,,14,池永　裕樹,ｲｹﾅｶﾞ　ﾕｳｷ,男,35,新人,,有,公認,2023/4/16,2023/4/23,,ikenaga1987,,TRUE,,〇,大阪府大阪狭山市,,,,,,,
132,大分県,大分県議会議員選挙,大分市,13,福崎　智幸,ﾌｸｻﾞｷ　ﾄﾓﾕｷ,男,57,新人,,有,公認,2023/3/31,2023/4/9,,,九州,TRUE,,,大分県大分市,,,,,,,
133,大分県,大分県議会議員選挙,宇佐市,3,若山　雅敏,ﾜｶﾔﾏ　ﾏｻﾄｼ,男,63,新人,,無,推薦,2023/3/31,2023/4/9,,,,TRUE,,,大分県宇佐市,,,,,,,
134,長崎県,南島原市議会議員選挙,,19,末続　浩二郎,ｽｴﾂｸﾞ　ｺｳｼﾞﾛｳ,男,61,新人,,無,推薦,2022/6/5,2022/6/12,◎,,九州,FALSE,,,長崎県南島原市,,,,,,,
135,長崎県,長崎県議会議員選挙,長崎市,46,深堀　浩,ﾌｶﾎﾘ　ﾋﾛｼ,男,57,現職,3,有,公認,2023/3/31,2023/4/9,,,九州,TRUE,,,長崎県長崎市,,,,,,,
136,長崎県,長崎県議会議員選挙,諫早市,46,山口　初實,ﾔﾏｸﾞﾁ　ﾊﾂﾐ,男,74,現職,3,有,公認,2023/3/31,2023/4/9,,,九州,TRUE,,,長崎県諫早市,,,,,,,
137,長崎県,長崎県議会議員選挙,佐世保・北松浦郡,9,古川　洋介,ﾌﾙｶﾜ　ﾋﾛｽｹ,男,40,新人,,有,公認,2023/3/31,2023/4/9,,,九州,TRUE,,,長崎県佐世保・北松浦郡,,,,,,,
138,長崎県,長崎県議会議員選挙,東彼杵郡,1,城後　光,ｼﾞｮｳｺﾞ　ﾋｶﾙ,男,41,新人,,無,推薦,2023/3/31,2023/4/9,,,九州,TRUE,,,長崎県東彼杵郡,,,,,,,
139,長崎県,長崎県議会議員選挙,長崎市,14,中村　泰輔,ﾅｶﾑﾗ　ﾀｲｽｹ,男,42,現職,1,有,公認,2023/3/31,2023/4/9,,taisuke_nkmr,九州,TRUE,,,長崎県長崎市,,,,,,,
140,長崎県,長崎市議会議員選挙,,45,山口　喬之,ﾔﾏｸﾞﾁ　ﾀｶﾕｷ,男,28,新人,,有,公認,2023/4/16,2023/4/23,,takayuki_ngsk,九州,TRUE,,,長崎県長崎市,,,,,,,
141,長崎県,長崎市議会議員選挙,,45,中山　大,ﾅｶﾔﾏ　ﾀﾞｲ,男,45,新人,,有,公認,2023/4/16,2023/4/23,,,九州,TRUE,,,長崎県長崎市,,,,,,,
142,長崎県,佐世保市議会議員選挙,,33,山下　隆良,ﾔﾏｼﾀ　ﾀｶﾖｼ,男,75,現職,7,有,公認,2023/4/16,2023/4/23,,,九州,TRUE,,,長崎県佐世保市,,,,,,,
143,長崎県,佐世保市議会議員選挙,,33,小野原　茂,ｵﾉﾊﾗ　ｼｹﾞﾙ,男,72,現職,4,有,公認,2023/4/16,2023/4/23,,,九州,TRUE,,,長崎県佐世保市,,,,,,,
144,長崎県,佐世保市議会議員選挙,,33,柴山　賢一,ｼﾊﾞﾔﾏ　ｹﾝｲﾁ,男,69,現職,4,有,公認,2023/4/16,2023/4/23,,,九州,TRUE,,,長崎県佐世保市,,,,,,,
145,長崎県,佐世保市議会議員選挙,,33,久野　秀敏,ﾋｻﾉ　ﾋﾃﾞﾄｼ,男,50,現職,3,有,公認,2023/4/16,2023/4/23,,,九州,TRUE,,,長崎県佐世保市,,,,,,,
146,長崎県,長崎市議会議員選挙,,40,五輪　清隆,ｲﾂﾜ　ｷﾖﾀｶ,男,66,現職,5,有,公認,2023/4/16,2023/4/23,,,九州,TRUE,,,長崎県長崎市,,,,,,,
147,長崎県,長崎市議会議員選挙,,40,井上　重久,ｲﾉｳｴ　ｼｹﾞﾋｻ,男,68,現職,4,有,公認,2023/4/16,2023/4/23,,,九州,TRUE,,,長崎県長崎市,,,,,,,
148,長崎県,長崎市議会議員選挙,,40,梅原　和喜,ｳﾒﾊﾗ　ｶｽﾞｷ,男,67,現職,3,有,公認,2023/4/16,2023/4/23,,,九州,TRUE,,,長崎県長崎市,,,,,,,
149,長崎県,長与町議会議員選挙,,16,西田　健,ﾆｼﾀﾞ　ﾀｹｼ,男,68,現職,1,有,公認,2023/4/18,2023/4/23,,,九州,TRUE,,,長崎県長与町,,,,,,,
150,長崎県,時津町議会議員選挙,,16,山口　一三,ﾔﾏｸﾞﾁ　ｶｽﾞﾐ,男,71,現職,3,有,公認,2023/4/18,2023/4/23,,,九州,TRUE,,,長崎県時津町,,,,,,,
151,長崎県,長崎市議会議員選挙,,40,木森　俊也,ｷﾓﾘ　ﾄｼﾔ,男,57,現職,2,無,推薦,2023/4/16,2023/4/23,,,九州,TRUE,,,長崎県長崎市,,,,,,,
152,島根県,島根県議会議員選挙,松江市,11,岩田　浩岳,ｲﾜﾀ　ﾋﾛﾀｶ,男,46,現職,3,有,公認,2023/3/31,2023/4/9,,,中国,TRUE,,,島根県松江市,,,,,,,
153,東京都,立川市議会議員選挙,,28,大石　冨巳夫,ｵｵｲｼ　ﾌﾐｵ,男,62,現職,4,有,公認,2022/6/12,2022/6/19,◎,,東京,FALSE,,,東京都立川市,,,,,,,
154,東京都,西東京市議会議員選挙,,28,鈴木　佑馬,ｽｽﾞｷ　ﾕｳﾏ,男,36,新人,,有,公認,2022/12/18,2022/12/25,◎,suzuki_yuma1009,東京,FALSE,,,東京都西東京市,,,,,,,
155,東京都,港区議会議員選挙,,34,七戸　淳,ｼﾁﾉﾍ　ｼﾞｭﾝ,男,62,現職,5,有,公認,2023/4/16,2023/4/23,,jun_shichinohe,東京,TRUE,,,東京都港区,,,,,,,
156,東京都,港区議会議員選挙,,34,榎本　あゆみ,ｴﾉﾓﾄ　ｱﾕﾐ,女,39,現職,2,有,公認,2023/4/16,2023/4/23,,enoayu_minato,東京,TRUE,,,東京都港区,,,,,,,
157,東京都,港区議会議員選挙,,34,石渡　幸子,ｲｼﾜﾀﾘ　ﾕｷｺ,女,53,現職,1,有,公認,2023/4/16,2023/4/23,,y_ishiwatari,東京,TRUE,,,東京都港区,,,,,,,
158,東京都,文京区議会議員選挙,,34,高山　泰三,ﾀｶﾔﾏ　ﾀｲｿﾞｳ,男,45,現職,5,有,公認,2023/4/16,2023/4/23,,bunkyotaizo,東京,TRUE,,,東京都文京区,,,,,,,
159,東京都,目黒区議会議員選挙,,36,吉野　正人,ﾖｼﾉ　ﾏｻﾄ,男,56,現職,3,有,推薦,2023/4/16,2023/4/23,,yoshinomasato,東京,TRUE,,,東京都目黒区,,,,,,,
160,東京都,世田谷区議会議員選挙,,50,阿部　力也,ｱﾍﾞ　ﾘｷﾔ,男,59,現職,6,有,公認,2023/4/16,2023/4/23,,abe_rikiya,東京,TRUE,,,東京都世田谷区,,,,,,,
161,東京都,練馬区議会議員選挙,,50,石黒　達男,ｲｼｸﾞﾛ　ﾀﾂｵ,男,47,現職,3,有,公認,2023/4/16,2023/4/23,,ishiguronerima,東京,TRUE,,,東京都練馬区,,,,,,,
162,東京都,板橋区議会議員選挙,,46,高沢　一基,ﾀｶｻﾞﾜ　ｶｽﾞﾓﾄ,男,47,現職,3,有,公認,2023/4/16,2023/4/23,,takazawa1,東京,TRUE,,,東京都板橋区,,,,,,,
163,東京都,江東区議会議員選挙,,44,二瓶　文隆,ﾆﾍｲ　ﾌﾐﾀｶ,男,63,現職,1,有,公認,2023/4/16,2023/4/23,,NiheiFumitaka,東京,TRUE,,,東京都江東区,,,,,,,
164,東京都,八王子市議会議員選挙,,40,伊藤　忠之,ｲﾄｳ　ﾀﾀﾞﾕｷ,男,51,現職,4,有,推薦,2023/4/16,2023/4/23,,tadayuki802,東京,TRUE,,,東京都八王子市,,,,,,,
165,東京都,調布市議会議員選挙,,28,山根　洋平,ﾔﾏﾈ　ﾖｳﾍｲ,男,38,新人,,有,公認,2023/4/16,2023/4/23,,YamaneYohei,東京,TRUE,,,東京都調布市,,,,,,,
166,東京都,目黒区議会議員選挙,,36,坂元　悠紀,ｻｶﾓﾄ　ﾕｳｷ,男,41,新人,,有,公認,2023/4/16,2023/4/23,,rurukisakamoto,東京,TRUE,,,東京都目黒区,,,,,,,
167,東京都,千代田区議会議員選挙,,25,田中　エリカ,ﾀﾅｶ　ｴﾘｶ,女,55,新人,,有,公認,2023/4/16,2023/4/23,,_tanakaerika_,東京,TRUE,,,東京都千代田区,,,,,,,
168,東京都,荒川区議会議員選挙,,32,大月　健弘,ｵｵﾂｷ　ﾀｹﾋﾛ,男,57,新人,,有,公認,2023/4/16,2023/4/23,,,東京,TRUE,,,東京都荒川区,,,,,,,
169,東京都,東久留米市議会議員選挙,,22,岩崎　明子,ｲﾜｻｷ　ｻﾔｺ,女,51,新人,,有,公認,2023/4/16,2023/4/23,,IwasakiIwamo,東京,TRUE,,,東京都東久留米市,,,,,,,
170,東京都,世田谷区議会議員選挙,,50,石原　誠二,ｲｼﾊﾗ　ｾｲｼﾞ,男,56,新人,,有,公認,2023/4/16,2023/4/23,,,東京,TRUE,,,東京都世田谷区,,,,,,,
171,東京都,江戸川区議会議員選挙,,44,中野　遍理,ﾅｶﾉ　ﾍﾝﾘ,男,32,新人,,有,公認,2023/4/16,2023/4/23,,Henry66239746,東京,TRUE,,,東京都江戸川区,,,,,,,
172,東京都,杉並区議会議員選挙,,48,安斎　昭,ｱﾝｻﾞｲ　ｱｷﾗ,男,54,現職,4,有,推薦,2023/4/16,2023/4/23,,,東京,TRUE,,,東京都杉並区,,,,,,,
173,東京都,青梅市議会議員選挙,,24,片谷　洋夫,ｶﾀﾔ　ﾋﾛｵ,男,47,現職,3,有,推薦,2023/4/16,2023/4/23,,HirooKataya,東京,TRUE,,,東京都青梅市,,,,,,,
174,東京都,江東区議会議員選挙,,44,徳永　雅博,ﾄｸﾅｶﾞ　ﾏｻﾋﾛ,男,61,現職,5,有,推薦,2023/4/16,2023/4/23,,,東京,TRUE,,,東京都江東区,,,,,,,
175,東京都,台東区議会議員選挙,,32,大貫　はなこ,ｵｵﾇｷ　ﾊﾅｺ,女,31,新人,,有,公認,2023/4/16,2023/4/23,,hanako_onuki,東京,TRUE,,,東京都台東区,,,,,,,
176,東京都,豊島区議会議員選挙,,36,原田　崇企,ﾊﾗﾀﾞ　ﾀｶｷ,男,31,新人,,有,公認,2023/4/16,2023/4/23,,harada_tsm22,東京,TRUE,,,東京都豊島区,,,,,,,
177,東京都,東大和市議会議員選挙,,22,石田　昭太朗,ｲｼﾀﾞ　ｼｮｳﾀﾛｳ,男,25,新人,,有,公認,2023/4/16,2023/4/23,,25_ishida,東京,TRUE,,,東京都東大和市,,,,,,,
178,東京都,新宿区議会議員選挙,,38,金久保　奈々子,ｶﾅｸﾎﾞ　ﾅﾅｺ,女,53,新人,,有,公認,2023/4/16,2023/4/23,,Naxako75,東京,TRUE,,,東京都新宿区,,,,,,,
179,東京都,大田区議会議員選挙,,50,徳山　麗子,ﾄｸﾔﾏ　ﾚｲｺ,女,47,新人,,有,公認,2023/4/16,2023/4/23,,reikotokuyama,東京,TRUE,,,東京都大田区,,,,,,,
180,東京都,大田区議会議員選挙,,50,石里　篤矢,ｲｼｻﾞﾄ　ｱﾂﾔ,男,26,新人,,有,公認,2023/4/16,2023/4/23,,ATSUYA_SEIJI,東京,TRUE,,,東京都大田区,,,,,,,
181,東京都,墨田区議会議員選挙,,32,長南　貴則,ﾁｮｳﾅﾝ　ﾀｶﾉﾘ,男,37,新人,,有,公認,2023/4/16,2023/4/23,,Takanori_Chonan,東京,TRUE,,,東京都墨田区,,,,,,,
182,東京都,中野区議会議員選挙,,42,猪爪　正太,ｲﾉﾂﾒ　ｼｮｳﾀ,男,25,新人,,有,公認,2023/4/16,2023/4/23,,shota_inotsume,東京,TRUE,,,東京都中野区,,,,,,,
183,東京都,北区議会議員選挙,,40,濱田　知明,ﾊﾏﾀﾞ　ﾄﾓｱｷ,男,43,新人,,有,公認,2023/4/16,2023/4/23,,kokuminhodo,東京,TRUE,,,東京都北区,,,,,,,
184,東京都,渋谷区議会議員選挙,,34,桒水流　弓紀子,ｸﾜｽﾞﾙ　ﾕｷｺ,女,35,新人,,有,公認,2023/4/16,2023/4/23,,nadeshiko1000,東京,TRUE,,,東京都渋谷区,,,,,,,
185,東京都,三鷹市議会議員選挙,,28,坂本　雅彦,ｻｶﾓﾄ　ﾏｻﾋｺ,男,51,新人,,有,公認,2023/4/16,2023/4/23,,msakamoto1971,東京,TRUE,,,東京都三鷹市,,,,,,,
186,東京都,中央区議会議員選挙,,30,渡部　恵子,ﾜﾀﾅﾍﾞ　ｹｲｺ,女,58,現職,3,有,公認,2023/4/16,2023/4/23,,,東京,TRUE,,,東京都中央区,,,,,,,
187,東京都,品川区議会議員選挙,,40,石田　慎吾,ｲｼﾀﾞ　ｼﾝｺﾞ,男,43,元職,3,有,公認,2023/4/16,2023/4/23,,Ishida_shingo51,東京,TRUE,,,東京都品川区,,,,,,,
188,東京都,足立区議会議員選挙,,45,長谷川　貴子,ﾊｾｶﾞﾜ　ﾀｶｺ,女,49,現職,4,有,公認,,（2023/05/25）,,,東京,TRUE,,,東京都足立区,,,,,,,
189,栃木県,壬生町議会議員選挙,,16,落合　誠記,ｵﾁｱｲ　ｾｲｷ,男,58,現職,5,有,公認,2022/3/22,2022/3/27,◎,,,FALSE,,,栃木県壬生町,,,,,,,
190,栃木県,宇都宮市議会議員選挙,,45,駒場　昭夫,ｺﾏﾊﾞ　ｱｷｵ,男,63,現職,4,有,公認,2023/4/16,2023/4/23,,,,TRUE,,,栃木県宇都宮市,,,,,,,
191,栃木県,小山市議会議員選挙,,30,山野井　孝,ﾔﾏﾉｲ　ﾀｶｼ,男,62,現職,5,有,推薦,2023/4/16,2023/4/23,,,,TRUE,,,栃木県小山市,,,,,,,
192,奈良県,大和郡山市議会議員選挙,,20,林　浩史　,ﾊﾔｼ　ﾋﾛﾌﾐ,男,60,現職,4,無,推薦,2023/4/16,2023/4/23,,,,TRUE,,,奈良県大和郡山市,,,,,,,
193,福井県,坂井市議会議員選挙,,24,川畑　孝治,ｶﾜﾊﾞﾀ　ﾀｶﾊﾙ,男,65,現職,4,有,推薦,2022/4/10,2022/4/17,◎,,,FALSE,,,福井県坂井市,,,,,,,
194,福井県,越前市議会議員選挙,,22,小玉　俊一,ｺﾀﾞﾏ　ｼｭﾝｲﾁ,男,72,現職,2,有,推薦,2022/7/3,2022/7/10,◎,,,FALSE,,,福井県越前市,,,,,,,
195,福井県,福井市議会議員選挙,,32,堀川　秀樹,ﾎﾘｶﾜ　ﾋﾃﾞｷ,男,64,現職,5,有,公認,2023/4/16,2023/4/23,,,,TRUE,,,福井県福井市,,,,,,,
196,福井県,敦賀市議会議員選挙,,22,山本　武志,ﾔﾏﾓﾄ　ﾀｹｼ,男,50,現職,1,有,公認,2023/4/16,2023/4/23,,,,TRUE,,,福井県敦賀市,,,,,,,
197,福井県,福井市議会議員選挙,,32,岩本　史枝,ｲﾜﾓﾄ　ﾌﾐｴ,女,63,新人,,有,推薦,2023/4/16,2023/4/23,,,,TRUE,,,福井県福井市,,,,,,,
198,福井県,高浜町議会議員選挙,,14,小幡　憲仁,ｵﾊﾞﾀ　ﾉﾘﾋﾄ,男,63,現職,5,有,推薦,2023/4/18,2023/4/23,,,,TRUE,,,福井県高浜町,,,,,,,
199,福井県,敦賀市議会議員選挙,,22,北條　正,ﾎｳｼﾞｮｳ　ﾀﾀﾞｼ,男,70,元職,5,有,推薦,2023/4/16,2023/4/23,,,,TRUE,,,福井県敦賀市,,,,,,,
200,福岡県,福津市議会議員選挙,,18,中村　恵輔,ﾅｶﾑﾗ　ｹｲｽｹ,男,32,新人,,有,推薦,2022/12/18,2022/12/25,◎,ksk_0910,,FALSE,,,福岡県福津市,,,,,,,
201,福岡県,福岡県議会議員選挙,南区,4,大田　京子,ｵｵﾀ　ｷｮｳｺ,女,43,元職,2,有,公認,2023/3/31,2023/4/9,,kyoko_ohta,九州,TRUE,,,福岡県南区,,,,,,,
202,福岡県,福岡県議会議員選挙,城南区,2,守谷　正人,ﾓﾘﾔ　ﾏｻﾄ,男,57,現職,4,有,推薦,2023/3/31,2023/4/9,,masatomoriya,九州,TRUE,,,福岡県城南区,,,,,,,
203,福岡県,福岡市議会議員選挙,博多区,9,野田　陽志,ﾉﾀﾞ　ｷﾖｼ,男,45,新人,,有,公認,2023/3/31,2023/4/9,,kokumin_kuma,九州,TRUE,,,福岡県博多区,,,,,,,
204,福岡県,福岡市議会議員選挙,西区,8,松本　怜子,ﾏﾂﾓﾄ　ﾚｲｺ,女,27,新人,,有,公認,2023/3/31,2023/4/9,,reiko_mtsmt,九州,TRUE,,〇,福岡県西区,,,,,,,
205,福岡県,福岡市議会議員選挙,早良区,9,前野　真実子,ﾏｴﾉ　ﾏﾐｺ,女,38,新人,,有,公認,2023/3/31,2023/4/9,,maenomamiko,九州,TRUE,,,福岡県早良区,,,,,,,
206,福岡県,福岡市議会議員選挙,中央区,7,弓　洋子,ﾕﾐ　ﾖｳｺ,女,51,新人,,有,公認,2023/3/31,2023/4/9,,fxI8dS0hrIw6lyl,九州,TRUE,,,福岡県中央区,,,,,,,
207,福岡県,福岡県議会議員選挙,行橋市,1,岡田　博利,ｵｶﾀﾞ　ﾋﾛﾄｼ,男,75,元職,3,有,推薦,2023/3/31,2023/4/9,,,九州,TRUE,,,福岡県行橋市,,,,,,,
208,福岡県,大野城市議会議員選挙,,20,松田　美由紀,ﾏﾂﾀﾞ　ﾐﾕｷ,女,46,現職,3,有,公認,2023/4/16,2023/4/23,,MiyukiMatuda,九州,TRUE,,,福岡県大野城市,,,,,,,
209,福岡県,筑紫野市議会議員選挙,,22,林　丈郎,ﾊﾔｼ　ﾀｹﾛｳ,男,51,新人,,有,公認,2023/4/16,2023/4/23,,,九州,TRUE,,,福岡県筑紫野市,,,,,,,
210,福岡県,古賀市議会議員選挙,,19,秋吉　智紀,ｱｷﾖｼ　ﾄﾓｷ,男,33,新人,,有,公認,2023/4/16,2023/4/23,,akiyoshi1625,九州,TRUE,,,福岡県古賀市,,,,,,,
211,兵庫県,兵庫県議会議員選挙,神戸市北区,3,向山　好一,ﾑｺﾔﾏ　ｺｳｲﾁ,男,65,現職,2,有,公認,2023/3/31,2023/4/9,,,近畿,TRUE,,,兵庫県神戸市北区,,,,,,,
212,兵庫県,兵庫県議会議員選挙,川西市・川辺郡,3,北上　哲仁,ｷﾀｳｴ　ｱｷﾋﾄ,男,51,現職,1,無,推薦,2023/3/31,2023/4/9,,,近畿,TRUE,,,兵庫県川西市・川辺郡,,,,,,,
213,兵庫県,神戸市議会議員選挙,神戸市垂水区,9,川内　清尚,ｶﾜｳﾁ　ｷﾖﾅｵ,男,68,現職,5,有,公認,2023/3/31,2023/4/9,,,近畿,TRUE,,,兵庫県神戸市垂水区,,,,,,,
214,兵庫県,神戸市議会議員選挙,神戸市垂水区,9,永野　敦子,ﾅｶﾞﾉ　ｱﾂｺ,女,45,新人,,有,公認,2023/3/31,2023/4/9,,,近畿,TRUE,,,兵庫県神戸市垂水区,,,,,,,
215,兵庫県,明石市議会議員選挙,,30,若村　正順,ﾜｶﾑﾗ　ﾏｻﾖﾘ,男,56,新人,,有,公認,2023/4/16,2023/4/23,,,,TRUE,,,兵庫県明石市,,,,,,,
216,兵庫県,芦屋市議会議員選挙,,21,𠮷田　俊介,ﾖｼﾀﾞ　ｼｭﾝｽｹ,男,57,新人,,有,公認,2023/4/16,2023/4/23,,,,TRUE,,,兵庫県芦屋市,,,,,,,
217,兵庫県,宝塚市議会議員選挙,,26,岩佐　将志,ｲﾜｻ　ﾏｻｼ,男,52,現職,2,有,公認,2023/4/16,2023/4/23,,,,TRUE,,,兵庫県宝塚市,,,,,,,
218,北海道,北海道議会議員選挙,札幌市中央区,3,小川　陽平,ｵｶﾞﾜ　ﾖｳﾍｲ,男,32,新人,,有,公認,2023/3/31,2023/4/9,,yoheiogawa_DPFP,北海道,TRUE,,〇,北海道札幌市中央区,https://new-kokumin.jp/wp-content/uploads/2022/10/f05c363e6bd1fa8ae802a3b2c35869cc-scaled-e1668133350492.jpg,,,,,,
219,北海道,岩見沢市議会議員選挙,,22,金野　貴泰,ｷﾝﾉ　ﾀｶﾔｽ,男,36,新人,,有,公認,2023/4/16,2023/4/23,,kinno_takayasu,北海道,TRUE,,〇,北海道岩見沢市,https://new-kokumin.jp/wp-content/uploads/2022/12/d01346d7352c029f49830e1b8e50399e.jpg,,,,,,
220,北海道,帯広市議会議員選挙,,29,稗貫　秀次,ﾋｴﾇｷ　ﾋﾃﾞﾂｸﾞ,男,63,現職,6,有,公認,2023/4/16,2023/4/23,,,北海道,TRUE,,,北海道帯広市,https://new-kokumin.jp/wp-content/uploads/2023/01/74723635ca835f56b94cdaf3fee6d756.jpg,,,,,,
221,北海道,苫小牧市議会議員選挙,,28,松井　雅宏,ﾏﾂｲ　ﾏｻﾋﾛ,男,62,現職,5,有,公認,2023/4/16,2023/4/23,,,北海道,TRUE,,,北海道苫小牧市,https://new-kokumin.jp/wp-content/uploads/2023/01/7143482946d20f3b7dd3f79745ee7c59.jpg,,,,,,
222,和歌山県,和歌山県議会議員選挙,和歌山市,15,浦口　高典,ｳﾗｸﾞﾁ　ｺｳﾃﾝ,男,67,現職,5,有,公認,2023/3/31,2023/4/9,,,,TRUE,,,和歌山県和歌山市,,,,,,,
223,和歌山県,和歌山市議会議員選挙,,38,永野　裕久,ﾅｶﾞﾉ　ﾋﾛﾋｻ,男,49,現職,4,有,公認,2023/4/16,2023/4/23,,,,TRUE,,,和歌山県和歌山市,,,,,,,
224,和歌山県,和歌山市議会議員選挙,,38,山中　敏生,ﾔﾏﾅｶ　ﾄｼｵ,男,38,現職,1,有,公認,2023/4/16,2023/4/23,,,,TRUE,,,和歌山県和歌山市,,,,,,,
